0,42,138
1,138,82
2,82,140
3,140,83
4,83,142
5,142,46
6,46,143
7,143,85
8,85,144
9,144,87
10,87,146
11,146,7
12,7,126
13,126,198
14,198,122
15,122,196
16,196,120
17,120,189
18,189,118
19,118,187
20,187,188
21,188,117
22,117,187
23,187,113
24,113,181
25,181,110
26,110,180
27,180,109
28,109,175
29,175,106
30,106,174
31,174,104
32,104,171
33,171,103
34,103,170
35,170,104
36,104,176
37,176,105
38,105,169
39,169,104
40,104,172
41,172,99
42,99,173
43,173,106
44,106,172
45,172,102
46,102,174
47,174,103
48,103,172
49,172,100
50,100,175
51,175,110
52,110,182
53,182,112
54,112,183
55,183,108
56,108,192
57,192,107
58,107,193
59,193,117
60,117,189
61,189,114
62,114,182
63,182,108
64,108,178
65,178,113
66,113,194
67,194,107
68,107,195
69,195,123
70,123,0
71,0,122
72,122,192
73,192,172
74,172,98
75,98,163
76,163,192
77,192,111
78,111,187
79,187,116
80,116,197
81,197,107
82,107,191
83,191,174
84,174,100
85,100,171
86,171,107
87,107,196
88,196,110
89,110,179
90,179,113
91,113,177
92,177,100
93,100,183
94,183,109
95,109,187
96,187,120
97,120,191
98,191,167
99,167,101
100,101,165
101,165,192
102,192,159
103,159,194
104,194,110
105,110,191
106,191,116
107,116,195
108,195,108
109,108,193
110,193,102
111,102,170
112,170,194
113,194,162
114,162,96
115,96,166
116,166,95
117,95,164
118,164,96
119,96,163
120,163,102
121,102,182
122,182,111
123,111,188
124,188,190
125,190,168
126,168,183
127,183,117
128,117,186
129,186,119
130,119,195
131,195,106
132,106,197
133,197,110
134,110,192
135,192,166
136,166,102
137,102,192
138,192,113
139,113,180
140,180,112
141,112,187
142,187,191
143,191,171
144,171,98
145,98,174
146,174,101
147,101,169
148,169,106
149,106,187
150,187,115
151,115,190
152,190,106
153,106,198
154,198,107
155,107,184
156,184,99
157,99,178
158,178,110
159,110,195
160,195,156
161,156,15
162,15,158
163,158,195
164,195,113
165,113,184
166,184,108
167,108,196
168,196,105
169,105,198
170,198,124
171,124,199
172,199,156
173,156,197
174,197,125
175,125,2
176,2,112
177,112,181
178,181,67
179,67,180
180,180,115
181,115,1
182,1,113
183,113,193
184,193,161
185,161,19
186,19,162
187,162,183
188,183,165
189,165,195
190,195,75
191,75,196
192,196,157
193,157,194
194,194,108
195,108,197
196,197,104
197,104,173
198,173,191
199,191,100
200,100,180
201,180,114
202,114,183
203,183,65
204,65,182
205,182,117
206,117,185
207,185,114
208,114,187
209,187,107
210,107,199
211,199,113
212,113,188
213,188,99
214,99,170
215,170,100
216,100,173
217,173,97
218,97,160
219,160,20
220,20,159
221,159,183
222,183,110
223,110,193
224,193,73
225,73,197
226,197,152
227,152,11
228,11,150
229,150,55
230,55,151
231,151,10
232,10,153
233,153,195
234,195,101
235,101,193
236,193,106
237,106,168
238,168,192
239,192,194
240,194,74
241,74,133
242,133,2
243,2,111
244,111,190
245,190,192
246,192,72
247,72,196
248,196,76
249,76,136
250,136,40
251,40,135
252,135,78
253,78,132
254,132,1
255,1,155
256,155,16
257,16,154
258,154,90
259,90,148
260,148,89
261,89,147
262,147,51
263,51,149
264,149,192
265,192,164
266,164,179
267,179,67
268,67,182
269,182,163
270,163,180
271,180,98
272,98,161
273,161,192
274,192,162
275,162,18
276,18,154
277,154,59
278,59,175
279,175,190
280,190,113
281,113,191
282,191,109
283,109,193
284,193,158
285,158,192
286,192,124
287,124,194
288,194,99
289,99,190
290,190,117
291,117,4
292,4,122
293,122,195
294,195,70
295,70,196
296,196,155
297,155,198
298,198,103
299,103,169
300,169,100
301,100,176
302,176,113
303,113,197
304,197,71
305,71,191
306,191,145
307,145,49
308,49,146
309,146,50
310,50,109
311,109,51
312,51,146
313,146,90
314,90,149
315,149,88
316,88,147
317,147,49
318,49,108
319,108,198
320,198,104
321,104,165
322,165,180
323,180,69
324,69,188
325,188,160
326,160,195
327,195,105
328,105,191
329,191,165
330,165,25
331,25,167
332,167,104
333,104,168
334,168,102
335,102,195
336,195,145
337,145,86
338,86,141
339,141,45
340,45,140
341,140,44
342,44,139
343,139,43
344,43,138
345,138,79
346,79,134
347,134,187
348,187,121
349,121,197
350,197,109
351,109,195
352,195,157
353,157,20
354,20,161
355,161,195
356,195,147
357,147,11
358,11,148
359,148,53
360,53,149
361,149,189
362,189,167
363,167,182
364,182,160
365,160,96
366,96,172
367,172,31
368,31,173
369,173,98
370,98,183
371,183,66
372,66,181
373,181,114
374,114,179
375,179,100
376,100,187
377,187,119
378,119,190
379,190,110
380,110,188
381,188,93
382,93,166
383,166,26
384,26,94
385,94,165
386,165,97
387,97,159
388,159,189
389,189,110
390,110,2
391,2,150
392,150,51
393,51,108
394,108,190
395,190,70
396,70,129
397,129,187
398,187,68
399,68,194
400,194,195
401,195,69
402,69,196
403,196,71
404,71,183
405,183,161
406,161,94
407,94,187
408,187,122
409,122,63
410,63,123
411,123,8
412,8,146
413,146,194
414,194,72
415,72,191
416,191,160
417,160,37
418,37,178
419,178,114
420,114,177
421,177,111
422,111,195
423,195,103
424,103,164
425,164,26
426,26,92
427,92,24
428,24,168
429,168,188
430,188,119
431,119,5
432,5,143
433,143,47
434,47,144
435,144,86
436,86,16
437,16,156
438,156,60
439,60,155
440,155,195
441,195,196
442,196,144
443,144,48
444,48,143
445,143,83
446,83,138
447,138,44
448,44,141
449,141,83
450,83,137
451,137,41
452,41,101
453,101,171
454,171,33
455,33,174
456,174,189
457,189,153
458,153,57
459,57,152
460,152,195
461,195,74
462,74,193
463,193,148
464,148,9
465,9,146
466,146,6
467,6,142
468,142,82
469,82,139
470,139,79
471,79,130
472,130,70
473,70,128
474,128,13
475,13,156
476,156,192
477,192,106
478,106,194
479,194,69
480,69,182
481,182,64
482,64,181
483,181,70
484,70,123
485,123,64
486,64,183
487,183,151
488,151,196
489,196,127
490,127,187
491,187,110
492,110,51
493,51,143
494,143,195
495,195,104
496,104,199
497,199,149
498,149,8
499,8,125
500,125,10
501,10,145
502,145,47
503,47,106
504,106,0
505,0,117
506,117,58
507,58,173
508,173,94
509,94,169
510,169,102
511,102,167
512,167,90
513,90,22
514,22,155
515,155,3
516,3,138
517,138,87
518,87,17
519,17,86
520,86,148
521,148,87
522,87,140
523,140,195
524,195,159
525,159,184
526,184,110
527,110,198
528,198,72
529,72,193
530,193,160
531,160,176
532,176,111
533,111,181
534,181,161
535,161,187
536,187,149
537,149,195
538,195,72
539,72,197
540,197,77
541,77,135
542,135,41
543,41,165
544,165,189
545,189,116
546,116,57
547,57,160
548,160,27
549,27,94
550,94,189
551,189,109
552,109,2
553,2,148
554,148,18
555,18,152
556,152,192
557,192,99
558,99,182
559,182,71
560,71,122
561,122,8
562,8,148
563,148,194
564,194,73
565,73,195
566,195,124
567,124,197
568,197,70
569,70,183
570,183,88
571,88,19
572,19,148
573,148,52
574,52,110
575,110,185
576,185,90
577,90,153
578,153,54
579,54,149
580,149,197
581,197,105
582,105,193
583,193,157
584,157,34
585,34,173
586,173,33
587,33,156
588,156,194
589,194,75
590,75,127
591,127,68
592,68,195
593,195,154
594,154,4
595,4,124
596,124,13
597,13,129
598,129,11
599,11,144
600,144,46
601,46,141
602,141,82
603,82,143
604,143,45
605,45,104
606,104,44
607,44,142
608,142,49
609,49,107
610,107,1
611,1,156
612,156,187
613,187,136
614,136,83
615,83,135
616,135,74
617,74,6
618,6,144
619,144,49
620,49,141
621,141,5
622,5,152
623,152,16
624,16,153
625,153,53
626,53,151
627,151,192
628,192,160
629,160,183
630,183,157
631,157,0
632,0,110
633,110,177
634,177,96
635,96,30
636,30,174
637,174,111
638,111,191
639,191,162
640,162,178
641,178,66
642,66,125
643,125,180
644,180,57
645,57,172
646,172,93
647,93,28
648,28,159
649,159,36
650,36,155
651,155,15
652,15,86
653,86,14
654,14,129
655,129,1
656,1,149
657,149,11
658,11,123
659,123,189
660,189,119
661,119,65
662,65,123
663,123,71
664,71,195
665,195,76
666,76,6
667,6,128
668,128,182
669,182,162
670,162,190
671,190,109
672,109,196
673,196,197
674,197,199
675,199,78
676,78,131
677,131,10
678,10,80
679,80,188
680,188,171
681,171,99
682,99,38
683,38,161
684,161,100
685,100,181
686,181,163
687,163,89
688,89,144
689,144,82
690,82,146
691,146,195
692,195,99
693,99,193
694,193,111
695,111,180
696,180,68
697,68,196
698,196,106
699,106,46
700,46,138
701,138,80
702,80,7
703,7,157
704,157,61
705,61,190
706,190,158
707,158,62
708,62,191
709,191,106
710,106,166
711,166,181
712,181,129
713,129,12
714,12,145
715,145,46
716,46,140
717,140,48
718,48,182
719,182,113
720,113,189
721,189,111
722,111,183
723,183,131
724,131,70
725,70,189
726,189,121
727,121,9
728,9,152
729,152,56
730,56,171
731,171,97
732,97,26
733,26,95
734,95,31
735,31,154
736,154,58
737,58,153
738,153,1
739,1,124
740,124,187
741,187,126
742,126,197
743,197,103
744,103,43
745,43,141
746,141,84
747,84,12
748,12,125
749,125,199
750,199,200
751,200,72
752,72,133
753,133,84
754,84,17
755,17,149
756,149,184
757,184,155
758,155,37
759,37,98
760,98,26
761,26,161
762,161,96
763,96,29
764,29,169
765,169,55
766,55,157
767,157,191
768,191,195
769,195,150
770,150,88
771,88,144
772,144,198
773,198,156
774,156,11
775,11,132
776,132,73
777,73,196
778,196,102
779,102,42
780,42,137
781,137,76
782,76,197
783,197,67
784,67,186
785,186,160
786,160,64
787,64,122
788,122,62
789,62,166
790,166,190
791,190,107
792,107,47
793,47,142
794,142,3
795,3,110
796,110,199
797,199,72
798,72,2
799,2,91
800,91,147
801,147,20
802,20,146
803,146,47
804,47,183
805,183,158
806,158,35
807,35,151
808,151,16
809,16,85
810,85,14
811,14,155
812,155,2
813,2,146
814,146,5
815,5,77
816,77,187
817,187,158
818,158,198
819,198,102
820,102,171
821,171,34
822,34,172
823,172,91
824,91,186
825,186,99
826,99,189
827,189,115
828,115,60
829,60,189
830,189,80
831,80,190
832,190,112
833,112,192
834,192,73
835,73,198
836,198,92
837,92,174
838,174,96
839,96,159
840,159,63
841,63,164
842,164,182
843,182,124
844,124,8
845,8,129
846,129,68
847,68,120
848,120,65
849,65,162
850,162,39
851,39,135
852,135,187
853,187,139
854,139,6
855,6,121
856,121,178
857,178,100
858,100,39
859,39,179
860,179,162
861,162,102
862,102,33
863,33,176
864,176,92
865,92,27
866,27,95
867,95,190
868,190,82
869,82,137
870,137,44
871,44,144
872,144,10
873,10,147
874,147,1
875,1,108
876,108,50
877,50,165
878,165,102
879,102,164
880,164,20
881,20,151
882,151,92
883,92,148
884,148,31
885,31,155
886,155,0
887,0,109
888,109,194
889,194,103
890,103,191
891,191,159
892,159,193
893,193,66
894,66,180
895,180,160
896,160,29
897,29,94
898,94,21
899,21,88
900,88,141
901,141,15
902,15,140
903,140,42
904,42,136
905,136,120
906,120,61
907,61,176
908,176,53
909,53,147
910,147,82
911,82,135
912,135,17
913,17,146
914,146,27
915,27,165
916,165,90
917,90,157
918,157,14
919,14,127
920,127,13
921,13,122
922,122,199
923,199,108
924,108,187
925,187,132
926,132,36
927,36,153
928,153,194
929,194,158
930,158,182
931,182,62
932,62,196
933,196,149
934,149,50
935,50,148
936,148,4
937,4,73
938,73,133
939,133,75
940,75,7
941,7,149
942,149,5
943,5,155
944,155,57
945,57,117
946,117,9
947,9,130
948,130,187
949,187,153
950,153,93
951,93,22
952,22,126
953,126,195
954,195,151
955,151,1
956,1,99
957,99,37
958,37,165
959,165,182
960,182,50
961,50,145
962,145,129
963,129,189
964,189,170
965,170,26
966,26,90
967,90,1
968,1,91
969,91,23
970,23,89
971,89,168
972,168,100
973,100,193
974,193,114
975,114,176
976,176,96
977,96,158
978,158,185
979,185,119
980,119,137
981,137,187
982,187,53
983,53,111
984,111,54
985,54,152
986,152,183
987,183,76
988,76,193
989,193,124
990,124,189
991,189,112
992,112,13
993,13,147
994,147,52
995,52,144
996,144,18
997,18,85
998,85,12
999,12,136
1000,136,41
1001,41,139
1002,139,86
1003,86,137
1004,137,183
1005,183,140
1006,140,4
1007,4,94
1008,94,24
1009,24,125
1010,125,11
1011,11,110
1012,110,1
1013,1,74
1014,74,197
1015,197,69
1016,69,121
1017,121,3
1018,3,158
1019,158,34
1020,34,149
1021,149,9
1022,9,79
1023,79,141
1024,141,85
1025,85,146
1026,146,31
1027,31,100
1028,100,195
1029,195,200
1030,200,99
1031,99,196
1032,196,104
1033,104,194
1034,194,160
1035,160,181
1036,181,124
1037,124,139
1038,139,46
1039,46,105
1040,105,192
1041,192,109
1042,109,53
1043,53,155
1044,155,194
1045,194,71
1046,71,128
1047,128,187
1048,187,131
1049,131,74
1050,74,191
1051,191,108
1052,108,170
1053,170,39
1054,39,99
1055,99,183
1056,183,116
1057,116,188
1058,188,59
1059,59,153
1060,153,30
1061,30,159
1062,159,175
1063,175,65
1064,65,122
1065,122,140
1066,140,43
1067,43,179
1068,179,70
1069,70,194
1070,194,105
1071,105,49
1072,49,149
1073,149,31
1074,31,151
1075,151,23
1076,23,98
1077,98,38
1078,38,157
1079,157,192
1080,192,101
1081,101,2
1082,2,89
1083,89,20
1084,20,155
1085,155,87
1086,87,16
1087,16,88
1088,88,145
1089,145,48
1090,48,106
1091,106,2
1092,2,122
1093,122,67
1094,67,198
1095,198,149
1096,149,82
1097,82,145
1098,145,32
1099,32,100
1100,100,194
1101,194,111
1102,111,127
1103,127,189
1104,189,162
1105,162,177
1106,177,125
1107,125,179
1108,179,159
1109,159,182
1110,182,45
1111,45,173
1112,173,28
1113,28,145
1114,145,90
1115,90,24
1116,24,166
1117,166,50
1118,50,142
1119,142,187
1120,187,123
1121,123,14
1122,14,124
1123,124,64
1124,64,197
1125,197,95
1126,95,180
1127,180,38
1128,38,134
1129,134,41
1130,41,158
1131,158,20
1132,20,136
1133,136,87
1134,87,22
1135,22,123
1136,123,62
1137,62,192
1138,192,153
1139,153,198
1140,198,78
1141,78,143
1142,143,185
1143,185,113
1144,113,186
1145,186,111
1146,111,171
1147,171,73
1148,73,122
1149,122,5
1150,5,75
1151,75,130
1152,130,25
1153,25,162
1154,162,59
1155,59,155
1156,155,40
1157,40,100
1158,100,192
1159,192,83
1160,83,148
1161,148,183
1162,183,156
1163,156,4
1164,4,152
1165,152,52
1166,52,112
1167,112,191
1168,191,124
1169,124,12
1170,12,128
1171,128,143
1172,143,124
1173,124,23
1174,23,169
1175,169,53
1176,53,145
1177,145,8
1178,8,81
1179,81,188
1180,188,195
1181,195,81
1182,81,141
1183,141,18
1184,18,155
1185,155,90
1186,90,195
1187,195,67
1188,67,119
1189,119,141
1190,141,195
1191,195,112
1192,112,128
1193,128,10
1194,10,76
1195,76,194
1196,194,82
1197,82,151
1198,151,51
1199,51,107
1200,107,179
1201,179,161
1202,161,65
1203,65,118
1204,118,57
1205,57,159
1206,159,39
1207,39,177
1208,177,33
1209,33,165
1210,165,96
1211,96,21
1212,21,93
1213,93,29
1214,29,163
1215,163,178
1216,178,56
1217,56,151
1218,151,8
1219,8,120
1220,120,59
1221,59,113
1222,113,183
1223,183,144
1224,144,9
1225,9,108
1226,108,0
1227,0,152
1228,152,91
1229,91,19
1230,19,119
1231,119,183
1232,183,127
1233,127,5
1234,5,103
1235,103,193
1236,193,98
1237,98,35
1238,35,155
1239,155,191
1240,191,115
1241,115,188
1242,188,112
1243,112,193
1244,193,154
1245,154,54
1246,54,148
1247,148,48
1248,48,107
1249,107,189
1250,189,158
1251,158,30
1252,30,93
1253,93,4
1254,4,76
1255,76,138
1256,138,47
1257,47,147
1258,147,4
1259,4,95
1260,95,25
1261,25,98
1262,98,24
1263,24,155
1264,155,21
1265,21,149
1266,149,180
1267,180,129
1268,129,79
1269,79,6
1270,6,117
1271,117,134
1272,134,40
1273,40,163
1274,163,183
1275,183,90
1276,90,0
1277,0,79
1278,79,142
1279,142,45
1280,45,145
1281,145,123
1282,123,182
1283,182,115
1284,115,131
1285,131,4
1286,4,99
1287,99,191
1288,191,161
1289,161,101
1290,101,196
1291,196,111
1292,111,137
1293,137,87
1294,87,19
1295,19,85
1296,85,138
1297,138,177
1298,177,69
1299,69,0
1300,0,100
1301,100,165
1302,165,19
1303,19,93
1304,93,26
1305,26,146
1306,146,46
1307,46,181
1308,181,116
1309,116,186
1310,186,157
1311,157,190
1312,190,114
1313,114,136
1314,136,4
1315,4,153
1316,153,38
1317,38,135
1318,135,73
1319,73,0
1320,0,98
1321,98,36
1322,36,154
1323,154,56
1324,56,156
1325,156,0
1326,0,104
1327,104,47
1328,47,139
1329,139,22
1330,22,148
1331,148,195
1332,195,66
1333,66,127
1334,127,11
1335,11,79
1336,79,144
1337,144,195
1338,195,132
1339,132,147
1340,147,7
1341,7,81
1342,81,197
1343,197,102
1344,102,194
1345,194,149
1346,149,172
1347,172,187
1348,187,196
1349,196,124
1350,124,173
1351,173,134
1352,134,28
1353,28,98
1354,98,39
1355,39,149
1356,149,3
1357,3,101
1358,101,172
1359,172,94
1360,94,162
1361,162,20
1362,20,122
1363,122,11
1364,11,140
1365,140,47
1366,47,171
1367,171,105
1368,105,189
1369,189,194
1370,194,80
1371,80,128
1372,128,23
1373,23,149
1374,149,35
1375,35,157
1376,157,198
1377,198,199
1378,199,74
1379,74,7
1380,7,77
1381,77,198
1382,198,109
1383,109,49
1384,49,106
1385,106,12
1386,12,148
1387,148,82
1388,82,189
1389,189,125
1390,125,76
1391,76,8
1392,8,156
1393,156,171
1394,171,122
1395,122,190
1396,190,163
1397,163,87
1398,87,198
1399,198,71
1400,71,133
1401,133,43
1402,43,143
1403,143,118
1404,118,63
1405,63,120
1406,120,6
1407,6,96
1408,96,17
1409,17,85
1410,85,196
1411,196,103
1412,103,33
1413,33,155
1414,155,26
1415,26,141
1416,141,41
1417,41,138
1418,138,195
1419,195,77
1420,77,196
1421,196,94
1422,94,153
1423,153,44
1424,44,160
1425,160,22
1426,22,133
1427,133,78
1428,78,178
1429,178,112
1430,112,53
1431,53,144
1432,144,31
1433,31,162
1434,162,7
1435,7,105
1436,105,190
1437,190,124
1438,124,180
1439,180,117
1440,117,67
1441,67,167
1442,167,34
1443,34,102
1444,102,31
1445,31,147
1446,147,86
1447,86,140
1448,140,84
1449,84,193
1450,193,104
1451,104,183
1452,183,154
1453,154,37
1454,37,151
1455,151,193
1456,193,156
1457,156,58
1458,58,151
1459,151,22
1460,22,95
1461,95,29
1462,29,92
1463,92,13
1464,13,85
1465,85,15
1466,15,93
1467,93,174
1468,174,112
1469,112,143
1470,143,91
1471,91,197
1472,197,111
1473,111,12
1474,12,130
1475,130,42
1476,42,135
1477,135,115
1478,115,186
1479,186,149
1480,149,130
1481,130,179
1482,179,153
1483,153,21
1484,21,156
1485,156,178
1486,178,92
1487,92,31
1488,31,145
1489,145,24
1490,24,99
1491,99,3
1492,3,124
1493,124,0
1494,0,71
1495,71,1
1496,1,88
1497,88,146
1498,146,79
1499,79,8
1500,8,160
1501,160,90
1502,90,3
1503,3,151
1504,151,43
1505,43,137
1506,137,47
1507,47,141
1508,141,187
1509,187,163
1510,163,20
1511,20,142
1512,142,125
1513,125,187
1514,187,166
1515,166,182
1516,182,68
1517,68,122
1518,122,22
1519,22,127
1520,127,198
1521,198,66
1522,66,194
1523,194,112
1524,112,184
1525,184,89
1526,89,26
1527,26,96
1528,96,191
1529,191,114
1530,114,188
1531,188,109
1532,109,3
1533,3,82
1534,82,199
1535,199,106
1536,106,121
1537,121,61
1538,61,119
1539,119,134
1540,134,73
1541,73,181
1542,181,133
1543,133,187
1544,187,146
1545,146,39
1546,39,133
1547,133,0
1548,0,93
1549,93,195
1550,195,134
1551,134,21
1552,21,99
1553,99,199
1554,199,103
1555,103,192
1556,192,198
1557,198,111
1558,111,50
1559,50,150
1560,150,183
1561,183,132
1562,132,79
1563,79,14
1564,14,113
1565,113,140
1566,140,189
1567,189,156
1568,156,12
1569,12,86
1570,86,149
1571,149,175
1572,175,75
1573,75,8
1574,8,143
1575,143,79
1576,79,148
1577,148,6
1578,6,78
1579,78,197
1580,197,101
1581,101,191
1582,191,104
1583,104,163
1584,163,63
1585,63,197
1586,197,159
1587,159,38
1588,38,100
1589,100,2
1590,2,94
1591,94,33
1592,33,137
1593,137,40
1594,40,145
1595,145,115
1596,115,183
1597,183,42
1598,42,142
1599,142,182
1600,182,157
1601,157,187
1602,187,82
1603,82,8
1604,8,147
1605,147,25
1606,25,93
1607,93,27
1608,27,168
1609,168,185
1610,185,116
1611,116,182
1612,182,151
1613,151,29
1614,29,155
1615,155,10
1616,10,149
1617,149,15
1618,15,98
1619,98,27
1620,27,91
1621,91,4
1622,4,123
1623,123,12
1624,12,104
1625,104,192
1626,192,144
1627,144,50
1628,50,141
1629,141,48
1630,48,108
1631,108,189
1632,189,131
1633,131,42
1634,42,172
1635,172,155
1636,155,32
1637,32,101
1638,101,194
1639,194,65
1640,65,196
1641,196,114
1642,114,52
1643,52,150
1644,150,35
1645,35,133
1646,133,83
1647,83,129
1648,129,75
1649,75,141
1650,141,12
1651,12,119
1652,119,64
1653,64,125
1654,125,148
1655,148,16
1656,16,147
1657,147,45
1658,45,139
1659,139,12
1660,12,90
1661,90,141
1662,141,10
1663,10,109
1664,109,124
1665,124,170
1666,170,151
1667,151,187
1668,187,145
1669,145,175
1670,175,124
1671,124,188
1672,188,107
1673,107,0
1674,0,85
1675,85,192
1676,192,71
1677,71,119
1678,119,10
1679,10,78
1680,78,188
1681,188,164
1682,164,30
1683,30,148
1684,148,199
1685,199,109
1686,109,186
1687,186,112
1688,112,54
1689,54,110
1690,110,46
1691,46,147
1692,147,50
1693,50,106
1694,106,1
1695,1,80
1696,80,141
1697,141,117
1698,117,18
1699,18,146
1700,146,54
1701,54,108
1702,108,19
1703,19,84
1704,84,18
1705,18,135
1706,135,172
1707,172,44
1708,44,133
1709,133,27
1710,27,43
1711,43,100
1712,100,6
1713,6,104
1714,104,1
1715,1,76
1716,76,5
1717,5,97
1718,97,38
1719,38,148
1720,148,185
1721,185,126
1722,126,176
1723,176,41
1724,41,156
1725,156,14
1726,14,122
1727,122,180
1728,180,162
1729,162,193
1730,193,115
1731,115,184
1732,184,109
1733,109,1
1734,1,100
1735,100,24
1736,24,95
1737,95,1
1738,1,158
1739,158,181
1740,181,117
1741,117,145
1742,145,51
1743,51,113
1744,113,138
1745,138,122
1746,122,1
1747,1,136
1748,136,9
1749,9,87
1750,87,15
1751,15,96
1752,96,196
1753,196,100
1754,100,182
1755,182,145
1756,145,44
1757,44,168
1758,168,37
1759,37,96
1760,96,156
1761,156,20
1762,20,83
1763,83,144
1764,144,113
1765,113,128
1766,128,193
1767,193,153
1768,153,33
1769,33,96
1770,96,14
1771,14,152
1772,152,81
1773,81,137
1774,137,180
1775,180,64
1776,64,168
1777,168,51
1778,51,106
1779,106,8
1780,8,87
1781,87,18
1782,18,149
1783,149,193
1784,193,119
1785,119,139
1786,139,42
1787,42,134
1788,134,82
1789,82,197
1790,197,112
1791,112,139
1792,139,195
1793,195,114
1794,114,186
1795,186,108
1796,108,43
1797,43,182
1798,182,49
1799,49,143
1800,143,84
1801,84,5
1802,5,156
1803,156,2
1804,2,99
1805,99,26
1806,26,156
1807,156,9
1808,9,107
1809,107,55
1810,55,155
1811,155,23
1812,23,94
1813,94,198
1814,198,113
1815,113,57
1816,57,149
1817,149,177
1818,177,161
1819,161,103
1820,103,7
1821,7,76
1822,76,11
1823,11,77
1824,77,174
1825,174,158
1826,158,54
1827,54,189
1828,189,102
1829,102,191
1830,191,199
1831,199,111
1832,111,141
1833,141,178
1834,178,125
1835,125,195
1836,195,127
1837,127,67
1838,67,185
1839,185,129
1840,129,170
1841,170,70
1842,70,120
1843,120,20
1844,20,37
1845,37,152
1846,152,34
1847,34,155
1848,155,192
1849,192,114
1850,114,184
1851,184,116
1852,116,180
1853,180,152
1854,152,176
1855,176,39
1856,39,145
1857,145,33
1858,33,100
1859,100,4
1860,4,109
1861,109,11
1862,11,85
1863,85,151
1864,151,57
1865,57,157
1866,157,175
1867,175,54
1868,54,144
1869,144,78
1870,78,149
1871,149,48
1872,48,146
1873,146,52
1874,52,187
1875,187,98
1876,98,31
1877,31,176
1878,176,130
1879,130,69
1880,69,189
1881,189,101
1882,101,29
1883,29,167
1884,167,22
1885,22,37
1886,37,100
1887,100,42
1888,42,141
1889,141,76
1890,76,2
1891,2,129
1892,129,192
1893,192,97
1894,97,21
1895,21,95
1896,95,195
1897,195,62
1898,62,165
1899,165,52
1900,52,145
1901,145,127
1902,127,27
1903,27,155
1904,155,199
1905,199,13
1906,13,80
1907,80,142
1908,142,197
1909,197,123
1910,123,6
1911,6,93
1912,93,31
1913,31,153
1914,153,169
1915,169,125
1916,125,70
1917,70,126
1918,126,14
1919,14,92
1920,92,28
1921,28,146
1922,146,11
1923,11,153
1924,153,39
1925,39,173
1926,173,73
1927,73,5
1928,5,26
1929,26,160
1930,160,31
1931,31,91
1932,91,199
1933,199,97
1934,97,172
1935,172,117
1936,117,136
1937,136,183
1938,183,149
1939,149,41
1940,41,105
1941,105,184
1942,184,111
1943,111,1
1944,1,101
1945,101,173
1946,173,103
1947,103,190
1948,190,59
1949,59,163
1950,163,48
1951,48,139
1952,139,114
1953,114,146
1954,146,44
1955,44,143
1956,143,86
1957,86,134
1958,134,75
1959,75,185
1960,185,80
1961,80,14
1962,14,88
1963,88,143
1964,143,52
1965,52,149
1966,149,181
1967,181,109
1968,109,182
1969,182,122
1970,122,105
1971,105,166
1972,166,66
1973,66,196
1974,196,112
1975,112,3
1976,3,93
1977,93,13
1978,13,103
1979,103,54
1980,54,115
1981,115,176
1982,176,60
1983,60,154
1984,154,39
1985,39,21
1986,21,121
1987,121,195
1988,195,117
1989,117,139
1990,139,74
1991,74,190
1992,190,104
1993,104,33
1994,33,151
1995,151,50
1996,50,107
1997,107,18
1998,18,38
1999,38,154
2000,154,30
2001,30,155
2002,155,7
2003,7,170
2004,170,120
2005,120,60
2006,60,122
2007,122,77
2008,77,145
2009,145,189
2010,189,191
2011,191,98
2012,98,198
2013,198,64
2014,64,196
2015,196,79
2016,79,15
2017,15,83
2018,83,4
2019,4,98
2020,98,40
2021,40,147
2022,147,48
2023,48,172
2024,172,6
2025,6,85
2026,85,137
2027,137,178
2028,178,124
2029,124,183
2030,183,44
2031,44,179
2032,179,37
2033,37,17
2034,17,90
2035,90,140
2036,140,81
2037,81,149
2038,149,47
2039,47,135
2040,135,0
2041,0,159
2042,159,178
2043,178,68
2044,68,165
2045,165,24
2046,24,93
2047,93,11
2048,11,96
2049,96,0
2050,0,105
2051,105,187
2052,187,193
2053,193,197
2054,197,100
2055,100,115
2056,115,132
2057,132,84
2058,84,163
2059,163,100
2060,100,10
2061,10,138
2062,138,182
2063,182,118
2064,118,133
2065,133,148
2066,148,24
2067,24,87
2068,87,1
2069,1,31
2070,31,46
2071,46,182
2072,182,130
2073,130,174
2074,174,37
2075,37,158
2076,158,13
2077,13,135
2078,135,189
2079,189,104
2080,104,4
2081,4,102
2082,102,187
2083,187,200
2084,200,148
2085,148,85
2086,85,21
2087,21,123
2088,123,191
2089,191,73
2090,73,178
2091,178,151
2092,151,52
2093,52,142
2094,142,113
2095,113,149
2096,149,170
2097,170,118
2098,118,18
2099,18,90
2100,90,5
2101,5,92
2102,92,25
2103,25,125
2104,125,108
2105,108,3
2106,3,103
2107,103,46
2108,46,28
2109,28,156
2110,156,23
2111,23,123
2112,123,179
2113,179,79
2114,79,7
2115,7,30
2116,30,95
2117,95,23
2118,23,100
2119,100,5
2120,5,95
2121,95,17
2122,17,129
2123,129,67
2124,67,128
2125,128,183
2126,183,141
2127,141,170
2128,170,111
2129,111,52
2130,52,153
2131,153,46
2132,46,136
2133,136,195
2134,195,86
2135,86,146
2136,146,42
2137,42,150
2138,150,77
2139,77,12
2140,12,165
2141,165,95
2142,95,183
2143,183,41
2144,41,99
2145,99,197
2146,197,118
2147,118,188
2148,188,192
2149,192,80
2150,80,6
2151,6,122
2152,122,144
2153,144,81
2154,81,153
2155,153,182
2156,182,156
2157,156,125
2158,125,193
2159,193,97
2160,97,24
2161,24,39
2162,39,127
2163,127,184
2164,184,117
2165,117,198
2166,198,112
2167,112,185
2168,185,73
2169,73,6
2170,6,22
2171,22,164
2172,164,37
2173,37,4
2174,4,96
2175,96,16
2176,16,150
2177,150,54
2178,54,107
2179,107,186
2180,186,110
2181,110,21
2182,21,158
2183,158,179
2184,179,146
2185,146,55
2186,55,149
2187,149,93
2188,93,33
2189,33,147
2190,147,115
2191,115,56
2192,56,104
2193,104,40
2194,40,154
2195,154,35
2196,35,159
2197,159,100
2198,100,35
2199,35,132
2200,132,42
2201,42,110
2202,110,53
2203,53,143
2204,143,50
2205,50,167
2206,167,11
2207,11,142
2208,142,193
2209,193,126
2210,126,141
2211,141,22
2212,22,136
2213,136,184
2214,184,119
2215,119,74
2216,74,5
2217,5,79
2218,79,10
2219,10,89
2220,89,25
2221,25,94
2222,94,195
2223,195,115
2224,115,62
2225,62,160
2226,160,175
2227,175,101
2228,101,4
2229,4,80
2230,80,187
2231,187,97
2232,97,2
2233,2,107
2234,107,36
2235,36,180
2236,180,156
2237,156,22
2238,22,44
2239,44,152
2240,152,31
2241,31,138
2242,138,48
2243,48,104
2244,104,54
2245,54,151
2246,151,2
2247,2,102
2248,102,117
2249,117,144
2250,144,111
2251,111,0
2252,0,166
2253,166,124
2254,124,15
2255,15,102
2256,102,190
2257,190,159
2258,159,102
2259,102,199
2260,199,105
2261,105,188
2262,188,149
2263,149,46
2264,46,4
2265,4,21
2266,21,161
2267,161,18
2268,18,83
2269,83,5
2270,5,36
2271,36,93
2272,93,5
2273,5,33
2274,33,160
2275,160,25
2276,25,164
2277,164,86
2278,86,19
2279,19,82
2280,82,195
2281,195,120
2282,120,183
2283,183,129
2284,129,167
2285,167,17
2286,17,117
2287,117,59
2288,59,75
2289,75,124
2290,124,62
2291,62,189
2292,189,106
2293,106,55
2294,55,153
2295,153,41
2296,41,143
2297,143,74
2298,74,174
2299,174,47
2300,47,148
2301,148,60
2302,60,110
2303,110,44
2304,44,105
2305,105,172
2306,172,109
2307,109,13
2308,13,96
2309,96,189
2310,189,128
2311,128,172
2312,172,72
2313,72,137
2314,137,170
2315,170,43
2316,43,184
2317,184,47
2318,47,180
2319,180,130
2320,130,0
2321,0,103
2322,103,187
2323,187,65
2324,65,199
2325,199,112
2326,112,145
2327,145,57
2328,57,138
2329,138,21
2330,21,50
2331,50,170
2332,170,19
2333,19,90
2334,90,196
2335,196,67
2336,67,176
2337,176,102
2338,102,161
2339,161,49
2340,49,150
2341,150,85
2342,85,139
2343,139,171
2344,171,117
2345,117,148
2346,148,80
2347,80,195
2348,195,128
2349,128,83
2350,83,183
2351,183,123
2352,123,198
2353,198,114
2354,114,63
2355,63,116
2356,116,192
2357,192,200
2358,200,23
2359,23,46
2360,46,162
2361,162,12
2362,12,122
2363,122,70
2364,70,124
2365,124,24
2366,24,140
2367,140,40
2368,40,158
2369,158,58
2370,58,118
2371,118,146
2372,146,77
2373,77,8
2374,8,100
2375,100,22
2376,22,94
2377,94,30
2378,30,49
2379,49,168
2380,168,107
2381,107,185
2382,185,115
2383,115,137
2384,137,45
2385,45,5
2386,5,94
2387,94,3
2388,3,97
2389,97,197
2390,197,198
2391,198,115
2392,115,178
2393,178,53
2394,53,135
2395,135,23
2396,23,153
2397,153,29
2398,29,8
2399,8,92
2400,92,2
2401,2,108
2402,108,172
2403,172,132
2404,132,34
2405,34,175
2406,175,12
2407,12,91
2408,91,30
2409,30,171
2410,171,150
2411,150,36
2412,36,151
2413,151,131
2414,131,38
2415,38,144
2416,144,51
2417,51,67
2418,67,31
2419,31,166
2420,166,10
2421,10,77
2422,77,6
2423,6,112
2424,112,0
2425,0,97
2426,97,195
2427,195,142
2428,142,110
2429,110,55
2430,55,143
2431,143,180
2432,180,104
2433,104,11
2434,11,28
2435,28,95
2436,95,36
2437,36,147
2438,147,111
2439,111,185
2440,185,118
2441,118,136
2442,136,78
2443,78,137
2444,137,58
2445,58,76
2446,76,176
2447,176,22
2448,22,1
2449,1,33
2450,33,48
2451,48,27
2452,27,148
2453,148,49
2454,49,69
2455,69,169
2456,169,41
2457,41,6
2458,6,75
2459,75,10
2460,10,94
2461,94,155
2462,155,38
2463,38,146
2464,146,93
2465,93,1
2466,1,105
2467,105,45
2468,45,144
2469,144,57
2470,57,109
2471,109,54
2472,54,145
2473,145,43
2474,43,131
2475,131,178
2476,178,29
2477,29,147
2478,147,3
2479,3,128
2480,128,191
2481,191,156
2482,156,176
2483,176,98
2484,98,192
2485,192,121
2486,121,136
2487,136,39
2488,39,54
2489,54,133
2490,133,86
2491,86,5
2492,5,21
2493,21,147
2494,147,24
2495,24,96
2496,96,2
2497,2,86
2498,86,138
2499,138,39
2500,39,106
2501,106,178
2502,178,149
2503,149,191
2504,191,122
2505,122,59
2506,59,138
2507,138,45
2508,45,111
2509,111,22
2510,22,84
2511,84,161
2512,161,28
2513,28,155
2514,155,177
2515,177,124
2516,124,184
2517,184,51
2518,51,166
2519,166,19
2520,19,92
2521,92,30
2522,30,146
2523,146,34
2524,34,0
2525,0,139
2526,139,183
2527,183,107
2528,107,122
2529,122,189
2530,189,55
2531,55,156
2532,156,37
2533,37,166
2534,166,53
2535,53,152
2536,152,167
2537,167,36
2538,36,158
2539,158,173
2540,173,188
2541,188,102
2542,102,9
2543,9,35
2544,35,174
2545,174,28
2546,28,96
2547,96,1
2548,1,66
2549,66,122
2550,122,72
2551,72,56
2552,56,153
2553,153,116
2554,116,60
2555,60,119
2556,119,197
2557,197,148
2558,148,20
2559,20,177
2560,177,127
2561,127,142
2562,142,64
2563,64,162
2564,162,186
2565,186,106
2566,106,42
2567,42,164
2568,164,44
2569,44,59
2570,59,125
2571,125,196
2572,196,116
2573,116,52
2574,52,113
2575,113,3
2576,3,100
2577,100,190
2578,190,101
2579,101,23
2580,23,110
2581,110,4
2582,4,89
2583,89,189
2584,189,103
2585,103,118
2586,118,183
2587,183,145
2588,145,120
2589,120,174
2590,174,125
2591,125,39
2592,39,152
2593,152,38
2594,38,22
2595,22,96
2596,96,199
2597,199,98
2598,98,154
2599,154,180
2600,180,101
2601,101,198
2602,198,81
2603,81,143
2604,143,177
2605,177,55
2606,55,137
2607,137,192
2608,192,65
2609,65,80
2610,80,8
2611,8,83
2612,83,19
2613,19,65
2614,65,127
2615,127,70
2616,70,133
2617,133,40
2618,40,5
2619,5,82
2620,82,156
2621,156,18
2622,18,33
2623,33,163
2624,163,4
2625,4,92
2626,92,34
2627,34,174
2628,174,68
2629,68,50
2630,50,188
2631,188,132
2632,132,107
2633,107,173
2634,173,111
2635,111,4
2636,4,41
2637,41,128
2638,128,168
2639,168,34
2640,34,154
2641,154,45
2642,45,146
2643,146,56
2644,56,150
2645,150,79
2646,79,16
2647,16,160
2648,160,0
2649,0,88
2650,88,136
2651,136,81
2652,81,12
2653,12,27
2654,27,159
2655,159,29
2656,29,0
2657,0,94
2658,94,194
2659,194,200
2660,200,46
2661,46,75
2662,75,9
2663,9,96
2664,96,25
2665,25,166
2666,166,81
2667,81,126
2668,126,189
2669,189,98
2670,98,194
2671,194,118
2672,118,198
2673,198,96
2674,96,5
2675,5,99
2676,99,174
2677,174,107
2678,107,45
2679,45,135
2680,135,37
2681,37,147
2682,147,54
2683,54,143
2684,143,194
2685,194,122
2686,122,193
2687,193,96
2688,96,7
2689,7,86
2690,86,136
2691,136,115
2692,115,197
2693,197,114
2694,114,14
2695,14,29
2696,29,72
2697,72,48
2698,48,17
2699,17,109
2700,109,170
2701,170,191
2702,191,97
2703,97,1
2704,1,112
2705,112,141
2706,141,39
2707,39,129
2708,129,182
2709,182,149
2710,149,190
2711,190,67
2712,67,126
2713,126,171
2714,171,71
2715,71,86
2716,86,20
2717,20,152
2718,152,36
2719,36,136
2720,136,57
2721,57,105
2722,105,5
2723,5,87
2724,87,197
2725,197,117
2726,117,154
2727,154,170
2728,170,54
2729,54,137
2730,137,185
2731,185,100
2732,100,199
2733,199,68
2734,68,198
2735,198,34
2736,34,156
2737,156,46
2738,46,102
2739,102,179
2740,179,149
2741,149,42
2742,42,157
2743,157,33
2744,33,9
2745,9,81
2746,81,14
2747,14,93
2748,93,32
2749,32,4
2750,4,44
2751,44,147
2752,147,192
2753,192,119
2754,119,182
2755,182,72
2756,72,144
2757,144,43
2758,43,62
2759,62,109
2760,109,44
2761,44,106
2762,106,165
2763,165,134
2764,134,55
2765,55,122
2766,122,184
2767,184,147
2768,147,131
2769,131,61
2770,61,76
2771,76,139
2772,139,123
2773,123,61
2774,61,114
2775,114,1
2776,1,40
2777,40,7
2778,7,52
2779,52,177
2780,177,43
2781,43,135
2782,135,194
2783,194,88
2784,88,24
2785,24,52
2786,52,156
2787,156,188
2788,188,127
2789,127,170
2790,170,31
2791,31,11
2792,11,89
2793,89,16
2794,16,95
2795,95,8
2796,8,169
2797,169,120
2798,120,77
2799,77,13
2800,13,94
2801,94,191
2802,191,91
2803,91,13
2804,13,84
2805,84,153
2806,153,51
2807,51,142
2808,142,85
2809,85,3
2810,3,96
2811,96,153
2812,153,34
2813,34,182
2814,182,70
2815,70,47
2816,47,6
2817,6,125
2818,125,172
2819,172,130
2820,130,195
2821,195,199
2822,199,115
2823,115,53
2824,53,154
2825,154,32
2826,32,136
2827,136,189
2828,189,51
2829,51,152
2830,152,33
2831,33,159
2832,159,18
2833,18,86
2834,86,135
2835,135,56
2836,56,147
2837,147,79
2838,79,145
2839,145,4
2840,4,97
2841,97,198
2842,198,42
2843,42,25
2844,25,161
2845,161,176
2846,176,191
2847,191,200
2848,200,114
2849,114,194
2850,194,137
2851,137,77
2852,77,55
2853,55,105
2854,105,3
2855,3,102
2856,102,184
2857,184,106
2858,106,188
2859,188,158
2860,158,38
2861,38,138
2862,138,40
2863,40,146
2864,146,53
2865,53,186
2866,186,105
2867,105,143
2868,143,60
2869,60,75
2870,75,4
2871,4,24
2872,24,71
2873,71,176
2874,176,97
2875,97,194
2876,194,151
2877,151,38
2878,38,95
2879,95,34
2880,34,17
2881,17,80
2882,80,133
2883,133,57
2884,57,146
2885,146,76
2886,76,173
2887,173,29
2888,29,171
2889,171,119
2890,119,191
2891,191,55
2892,55,141
2893,141,58
2894,58,122
2895,122,61
2896,61,128
2897,128,76
2898,76,189
2899,189,130
2900,130,112
2901,112,62
2902,62,31
2903,31,164
2904,164,0
2905,0,91
2906,91,7
2907,7,85
2908,85,9
2909,9,158
2910,158,98
2911,98,113
2912,113,196
2913,196,117
2914,117,192
2915,192,86
2916,86,13
2917,13,30
2918,30,64
2919,64,79
2920,79,94
2921,94,7
2922,7,73
2923,73,45
2924,45,174
2925,174,15
2926,15,154
2927,154,26
2928,26,41
2929,41,140
2930,140,75
2931,75,3
2932,3,161
2933,161,14
2934,14,142
2935,142,43
2936,43,5
2937,5,49
2938,49,151
2939,151,168
2940,168,101
2941,101,116
2942,116,155
2943,155,42
2944,42,148
2945,148,51
2946,51,35
2947,35,153
2948,153,184
2949,184,66
2950,66,144
2951,144,189
2952,189,100
2953,100,17
2954,17,152
2955,152,50
2956,50,4
2957,4,113
2958,113,134
2959,134,39
2960,39,8
2961,8,96
2962,96,197
2963,197,122
2964,122,181
2965,181,127
2966,127,72
2967,72,120
2968,120,67
2969,67,134
2970,134,44
2971,44,130
2972,130,80
2973,80,146
2974,146,58
2975,58,109
2976,109,177
2977,177,31
2978,31,159
2979,159,37
2980,37,149
2981,149,124
2982,124,60
2983,60,139
2984,139,37
2985,37,153
2986,153,177
2987,177,192
2988,192,92
2989,92,1
2990,1,102
2991,102,6
2992,6,27
2993,27,73
2994,73,42
2995,42,18
2996,18,96
2997,96,12
2998,12,110
2999,110,45
3000,45,148
3001,148,56
3002,56,155
3003,155,39
3004,39,157
3005,157,29
3006,29,166
3007,166,183
3008,183,122
3009,122,48
3010,48,113
3011,113,2
3012,2,87
3013,87,132
3014,132,70
3015,70,137
3016,137,84
3017,84,16
3018,16,83
3019,83,21
3020,21,172
3021,172,25
3022,25,9
3023,9,76
3024,76,151
3025,151,41
3026,41,148
3027,148,46
3028,46,61
3029,61,140
3030,140,80
3031,80,144
3032,144,42
3033,42,133
3034,133,37
3035,37,170
3036,170,131
3037,131,86
3038,86,8
3039,8,78
3040,78,124
3041,124,5
3042,5,101
3043,101,188
3044,188,104
3045,104,187
3046,187,159
3047,159,4
3048,4,149
3049,149,0
3050,0,65
3051,65,165
3052,165,31
3053,31,161
3054,161,23
3055,23,85
3056,85,26
3057,26,126
3058,126,196
3059,196,141
3060,141,3
3061,3,106
3062,106,134
3063,134,180
3064,180,80
3065,80,5
3066,5,85
3067,85,136
3068,136,193
3069,193,200
3070,200,101
3071,101,199
3072,199,120
3073,120,64
3074,64,141
3075,141,106
3076,106,123
3077,123,178
3078,178,111
3079,111,5
3080,5,78
3081,78,93
3082,93,39
3083,39,151
3084,151,46
3085,46,72
3086,72,22
3087,22,57
3088,57,125
3089,125,183
3090,183,102
3091,102,186
3092,186,165
3093,165,83
3094,83,51
3095,51,141
3096,141,62
3097,62,19
3098,19,36
3099,36,11
3100,11,99
3101,99,187
3102,187,195
3103,195,98
3104,98,3
3105,3,91
3106,91,15
3107,15,159
3108,159,59
3109,59,152
3110,152,35
3111,35,148
3112,148,39
3113,39,139
3114,139,80
3115,80,136
3116,136,106
3117,106,185
3118,185,120
3119,120,62
3120,62,169
3121,169,149
3122,149,176
3123,176,55
3124,55,70
3125,70,85
3126,85,163
3127,163,193
3128,193,123
3129,123,196
3130,196,81
3131,81,0
3132,0,162
3133,162,90
3134,90,16
3135,16,50
3136,50,185
3137,185,33
3138,33,154
3139,154,188
3140,188,96
3141,96,42
3142,42,145
3143,145,55
3144,55,147
3145,147,60
3146,60,121
3147,121,12
3148,12,95
3149,95,110
3150,110,125
3151,125,191
3152,191,66
3153,66,117
3154,117,132
3155,132,53
3156,53,150
3157,150,39
3158,39,6
3159,6,37
3160,37,57
3161,57,122
3162,122,178
3163,178,129
3164,129,194
3165,194,115
3166,115,196
3167,196,119
3168,119,102
3169,102,0
3170,0,44
3171,44,166
3172,166,33
3173,33,158
3174,158,32
3175,32,170
3176,170,186
3177,186,129
3178,129,144
3179,144,56
3180,56,130
3181,130,63
3182,63,121
3183,121,191
3184,191,152
3185,152,43
3186,43,10
3187,10,60
3188,60,108
3189,108,63
3190,63,137
3191,137,152
3192,152,24
3193,24,159
3194,159,180
3195,180,75
3196,75,90
3197,90,4
3198,4,86
3199,86,102
3200,102,30
3201,30,100
3202,100,198
3203,198,93
3204,93,193
3205,193,152
3206,152,15
3207,15,200
3208,200,50
3209,50,6
3210,6,97
3211,97,190
3212,190,155
3213,155,11
3214,11,160
3215,160,177
3216,177,126
3217,126,145
3218,145,84
3219,84,14
3220,14,38
3221,38,53
3222,53,141
3223,141,37
3224,37,148
3225,148,40
3226,40,108
3227,108,52
3228,52,133
3229,133,183
3230,183,105
3231,105,167
3232,167,103
3233,103,175
3234,175,114
3235,114,199
3236,199,116
3237,116,65
3238,65,17
3239,17,46
3240,46,8
3241,8,24
3242,24,89
3243,89,19
3244,19,81
3245,81,63
3246,63,135
3247,135,111
3248,111,3
3249,3,95
3250,95,199
3251,199,64
3252,64,18
3253,18,88
3254,88,5
3255,5,38
3256,38,156
3257,156,35
3258,35,8
3259,8,72
3260,72,138
3261,138,53
3262,53,4
3263,4,144
3264,144,76
3265,76,44
3266,44,148
3267,148,21
3268,21,166
3269,166,38
3270,38,149
3271,149,77
3272,77,9
3273,9,74
3274,74,198
3275,198,161
3276,161,189
3277,189,152
3278,152,13
3279,13,155
3280,155,183
3281,183,59
3282,59,145
3283,145,56
3284,56,192
3285,192,143
3286,143,39
3287,39,70
3288,70,147
3289,147,42
3290,42,108
3291,108,123
3292,123,190
3293,190,116
3294,116,198
3295,198,99
3296,99,43
3297,43,132
3298,132,83
3299,83,155
3300,155,50
3301,50,115
3302,115,181
3303,181,102
3304,102,12
3305,12,98
3306,98,1
3307,1,94
3308,94,15
3309,15,111
3310,111,151
3311,151,34
3312,34,159
3313,159,174
3314,174,31
3315,31,171
3316,171,52
3317,52,67
3318,67,82
3319,82,193
3320,193,121
3321,121,141
3322,141,63
3323,63,19
3324,19,34
3325,34,148
3326,148,78
3327,78,140
3328,140,85
3329,85,22
3330,22,161
3331,161,56
3332,56,149
3333,149,117
3334,117,176
3335,176,101
3336,101,187
3337,187,169
3338,169,37
3339,37,0
3340,0,153
3341,153,183
3342,183,73
3343,73,136
3344,136,102
3345,102,55
3346,55,109
3347,109,48
3348,48,137
3349,137,46
3350,46,134
3351,134,193
3352,193,116
3353,116,131
3354,131,57
3355,57,13
3356,13,97
3357,97,7
3358,7,78
3359,78,195
3360,195,118
3361,118,60
3362,60,128
3363,128,9
3364,9,84
3365,84,24
3366,24,56
3367,56,143
3368,143,42
3369,42,151
3370,151,40
3371,40,139
3372,139,77
3373,77,143
3374,143,90
3375,90,6
3376,6,105
3377,105,138
3378,138,81
3379,81,96
3380,96,190
3381,190,98
3382,98,188
3383,188,189
3384,189,157
3385,157,36
3386,36,140
3387,140,177
3388,177,158
3389,158,25
3390,25,44
3391,44,135
3392,135,103
3393,103,4
3394,4,112
3395,112,67
3396,67,115
3397,115,0
3398,0,113
3399,113,174
3400,174,126
3401,126,190
3402,190,200
3403,200,77
3404,77,43
3405,43,70
3406,70,18
3407,18,178
3408,178,119
3409,119,194
3410,194,133
3411,133,66
3412,66,197
3413,197,61
3414,61,161
3415,161,33
3416,33,53
3417,53,17
3418,17,71
3419,71,28
3420,28,94
3421,94,6
3422,6,99
3423,99,7
3424,7,32
3425,32,2
3426,2,79
3427,79,13
3428,13,95
3429,95,19
3430,19,155
3431,155,41
3432,41,56
3433,56,139
3434,139,193
3435,193,91
3436,91,17
3437,17,173
3438,173,120
3439,120,192
3440,192,96
3441,96,151
3442,151,44
3443,44,149
3444,149,174
3445,174,23
3446,23,69
3447,69,185
3448,185,108
3449,108,4
3450,4,158
3451,158,197
3452,197,136
3453,136,171
3454,171,43
3455,43,6
3456,6,106
3457,106,131
3458,131,73
3459,73,88
3460,88,15
3461,15,92
3462,92,107
3463,107,3
3464,3,104
3465,104,8
3466,8,93
3467,93,9
3468,9,155
3469,155,6
3470,6,31
3471,31,156
3472,156,114
3473,114,129
3474,129,188
3475,188,162
3476,162,51
3477,51,70
3478,70,5
3479,5,51
3480,51,139
3481,139,49
3482,49,26
3483,26,152
3484,152,40
3485,40,141
3486,141,193
3487,193,69
3488,69,20
3489,20,169
3490,169,124
3491,124,65
3492,65,11
3493,11,95
3494,95,32
3495,32,160
3496,160,102
3497,102,180
3498,180,85
3499,85,20
3500,20,94
3501,94,199
3502,199,167
3503,167,117
3504,117,54
3505,54,75
3506,75,26
3507,26,148
3508,148,55
3509,55,179
3510,179,109
3511,109,176
3512,176,99
3513,99,47
3514,47,112
3515,112,133
3516,133,59
3517,59,147
3518,147,118
3519,118,190
3520,190,129
3521,129,40
3522,40,149
3523,149,59
3524,59,137
3525,137,65
3526,65,146
3527,146,183
3528,183,130
3529,130,77
3530,77,92
3531,92,60
3532,60,146
3533,146,104
3534,104,119
3535,119,66
3536,66,110
3537,110,5
3538,5,98
3539,98,196
3540,196,74
3541,74,141
3542,141,189
3543,189,172
3544,172,39
3545,39,156
3546,156,3
3547,3,168
3548,168,68
3549,68,31
3550,31,15
3551,15,84
3552,84,136
3553,136,64
3554,64,13
3555,13,148
3556,148,191
3557,191,196
3558,196,97
3559,97,184
3560,184,121
3561,121,190
3562,190,69
3563,69,129
3564,129,59
3565,59,14
3566,14,98
3567,98,7
3568,7,23
3569,23,51
3570,51,169
3571,169,36
3572,36,146
3573,146,110
3574,110,14
3575,14,78
3576,78,127
3577,127,173
3578,173,102
3579,102,7
3580,7,95
3581,95,193
3582,193,120
3583,120,43
3584,43,155
3585,155,52
3586,52,154
3587,154,7
3588,7,156
3589,156,173
3590,173,32
3591,32,65
3592,65,8
3593,8,94
3594,94,73
3595,73,145
3596,145,184
3597,184,100
3598,100,132
3599,132,44
3600,44,98
3601,98,2
3602,2,114
3603,114,4
3604,4,167
3605,167,28
3606,28,182
3607,182,33
3608,33,168
3609,168,54
3610,54,113
3611,113,136
3612,136,43
3613,43,198
3614,198,141
3615,141,59
3616,59,151
3617,151,78
3618,78,11
3619,11,97
3620,97,17
3621,17,89
3622,89,22
3623,22,61
3624,61,144
3625,144,187
3626,187,138
3627,138,60
3628,60,114
3629,114,65
3630,65,132
3631,132,60
3632,60,127
3633,127,81
3634,81,146
3635,146,22
3636,22,76
3637,76,48
3638,48,150
3639,150,47
3640,47,170
3641,170,105
3642,105,177
3643,177,77
3644,77,123
3645,123,180
3646,180,108
3647,108,12
3648,12,153
3649,153,20
3650,20,53
3651,53,25
3652,25,73
3653,73,115
3654,115,3
3655,3,134
3656,134,51
3657,51,137
3658,137,37
3659,37,143
3660,143,25
3661,25,171
3662,171,6
3663,6,71
3664,71,124
3665,124,176
3666,176,141
3667,141,57
3668,57,147
3669,147,58
3670,58,130
3671,130,165
3672,165,2
3673,2,116
3674,116,194
3675,194,96
3676,96,185
3677,185,102
3678,102,147
3679,147,180
3680,180,48
3681,48,142
3682,142,36
3683,36,156
3684,156,179
3685,179,112
3686,112,127
3687,127,192
3688,192,115
3689,115,29
3690,29,161
3691,161,24
3692,24,183
3693,183,103
3694,103,1
3695,1,73
3696,73,19
3697,19,41
3698,41,150
3699,150,38
3700,38,93
3701,93,12
3702,12,29
3703,29,152
3704,152,30
3705,30,161
3706,161,39
3707,39,137
3708,137,80
3709,80,95
3710,95,6
3711,6,58
3712,58,73
3713,73,124
3714,124,81
3715,81,160
3716,160,38
3717,38,104
3718,104,5
3719,5,81
3720,81,18
3721,18,92
3722,92,195
3723,195,85
3724,85,4
3725,4,125
3726,125,63
3727,63,90
3728,90,9
3729,9,162
3730,162,103
3731,103,168
3732,168,115
3733,115,4
3734,4,139
3735,139,167
3736,167,63
3737,63,43
3738,43,174
3739,174,2
3740,2,93
3741,93,17
3742,17,82
3743,82,15
3744,15,69
3745,69,146
3746,146,128
3747,128,11
3748,11,139
3749,139,102
3750,102,5
3751,5,107
3752,107,181
3753,181,29
3754,29,89
3755,89,67
3756,67,137
3757,137,189
3758,189,190
3759,190,151
3760,151,45
3761,45,100
3762,100,188
3763,188,2
3764,2,127
3765,127,41
3766,41,78
3767,78,130
3768,130,48
3769,48,85
3770,85,100
3771,100,49
3772,49,140
3773,140,38
3774,38,182
3775,182,106
3776,106,7
3777,7,49
3778,49,73
3779,73,30
3780,30,166
3781,166,149
3782,149,45
3783,45,134
3784,134,72
3785,72,141
3786,141,66
3787,66,173
3788,173,3
3789,3,92
3790,92,37
3791,37,163
3792,163,35
3793,35,146
3794,146,37
3795,37,150
3796,150,165
3797,165,14
3798,14,95
3799,95,191
3800,191,197
3801,197,98
3802,98,114
3803,114,42
3804,42,8
3805,8,161
3806,161,99
3807,99,185
3808,185,124
3809,124,56
3810,56,111
3811,111,132
3812,132,39
3813,39,17
3814,17,83
3815,83,9
3816,9,91
3817,91,61
3818,61,124
3819,124,161
3820,161,34
3821,34,150
3822,150,44
3823,44,181
3824,181,155
3825,155,54
3826,54,71
3827,71,21
3828,21,152
3829,152,10
3830,10,30
3831,30,180
3832,180,65
3833,65,178
3834,178,59
3835,59,148
3836,148,58
3837,58,136
3838,136,110
3839,110,172
3840,172,0
3841,0,183
3842,183,126
3843,126,107
3844,107,145
3845,145,41
3846,41,159
3847,159,26
3848,26,187
3849,187,96
3850,96,181
3851,181,148
3852,148,67
3853,67,39
3854,39,144
3855,144,193
3856,193,194
3857,194,8
3858,8,98
3859,98,177
3860,177,35
3861,35,122
3862,122,52
3863,52,34
3864,34,138
3865,138,55
3866,55,19
3867,19,173
3868,173,36
3869,36,149
3870,149,2
3871,2,123
3872,123,188
3873,188,52
3874,52,130
3875,130,199
3876,199,117
3877,117,64
3878,64,164
3879,164,34
3880,34,94
3881,94,16
3882,16,93
3883,93,148
3884,148,74
3885,74,91
3886,91,22
3887,22,81
3888,81,29
3889,29,75
3890,75,119
3891,119,0
3892,0,95
3893,95,9
3894,9,55
3895,55,142
3896,142,108
3897,108,133
3898,133,189
3899,189,97
3900,97,19
3901,19,2
3902,2,158
3903,158,39
3904,39,85
3905,85,134
3906,134,43
3907,43,154
3908,154,41
3909,41,142
3910,142,8
3911,8,166
3912,166,107
3913,107,176
3914,176,51
3915,51,116
3916,116,1
3917,1,160
3918,160,189
3919,189,95
3920,95,60
3921,60,125
3922,125,44
3923,44,86
3924,86,31
3925,31,158
3926,158,86
3927,86,21
3928,21,87
3929,87,193
3930,193,118
3931,118,192
3932,192,193
3933,193,147
3934,147,84
3935,84,7
3936,7,101
3937,101,186
3938,186,0
3939,0,129
3940,129,50
3941,50,140
3942,140,109
3943,109,15
3944,15,163
3945,163,185
3946,185,104
3947,104,137
3948,137,90
3949,90,13
3950,13,76
3951,76,148
3952,148,43
3953,43,80
3954,80,143
3955,143,3
3956,3,157
3957,157,172
3958,172,122
3959,122,19
3960,19,153
3961,153,174
3962,174,105
3963,105,136
3964,136,45
3965,45,90
3966,90,15
3967,15,146
3968,146,83
3969,83,98
3970,98,186
3971,186,104
3972,104,53
3973,53,79
3974,79,135
3975,135,183
3976,183,167
3977,167,23
3978,23,39
3979,39,167
3980,167,53
3981,53,120
3982,120,176
3983,176,28
3984,28,154
3985,154,55
3986,55,152
3987,152,32
3988,32,149
3989,149,24
3990,24,78
3991,78,9
3992,9,97
3993,97,186
3994,186,74
3995,74,41
3996,41,94
3997,94,109
3998,109,168
3999,168,12
4000,12,112
4001,112,44
4002,44,102
4003,102,143
4004,143,87
4005,87,196
4006,196,133
4007,133,69
4008,69,44
4009,44,91
4010,91,20
4011,20,35
4012,35,161
4013,161,10
4014,10,106
4015,106,4
4016,4,119
4017,119,165
4018,165,4
4019,4,133
4020,133,77
4021,77,26
4022,26,59
4023,59,187
4024,187,192
4025,192,95
4026,95,161
4027,161,37
4028,37,123
4029,123,49
4030,49,64
4031,64,143
4032,143,57
4033,57,150
4034,150,46
4035,46,65
4036,65,174
4037,174,9
4038,9,82
4039,82,22
4040,22,70
4041,70,139
4042,139,87
4043,87,14
4044,14,94
4045,94,12
4046,12,41
4047,41,146
4048,146,124
4049,124,140
4050,140,58
4051,58,89
4052,89,5
4053,5,115
4054,115,130
4055,130,169
4056,169,83
4057,83,66
4058,66,130
4059,130,84
4060,84,8
4061,8,114
4062,114,3
4063,3,169
4064,169,25
4065,25,91
4066,91,5
4067,5,20
4068,20,165
4069,165,26
4070,26,157
4071,157,100
4072,100,162
4073,162,29
4074,29,129
4075,129,198
4076,198,119
4077,119,180
4078,180,106
4079,106,183
4080,183,101
4081,101,6
4082,6,110
4083,110,48
4084,48,151
4085,151,32
4086,32,120
4087,120,190
4088,190,94
4089,94,193
4090,193,199
4091,199,90
4092,90,49
4093,49,81
4094,81,17
4095,17,76
4096,76,39
4097,39,140
4098,140,105
4099,105,120
4100,120,188
4101,188,97
4102,97,175
4103,175,24
4104,24,85
4105,85,45
4106,45,117
4107,117,191
4108,191,57
4109,57,25
4110,25,182
4111,182,148
4112,148,57
4113,57,137
4114,137,60
4115,60,134
4116,134,37
4117,37,157
4118,157,31
4119,31,47
4120,47,132
4121,132,184
4122,184,139
4123,139,180
4124,180,31
4125,31,77
4126,77,14
4127,14,90
4128,90,194
4129,194,95
4130,95,2
4131,2,71
4132,71,143
4133,143,38
4134,38,147
4135,147,34
4136,34,166
4137,166,117
4138,117,1
4139,1,119
4140,119,63
4141,63,144
4142,144,55
4143,55,158
4144,158,18
4145,18,94
4146,94,62
4147,62,121
4148,121,47
4149,47,187
4150,187,147
4151,147,41
4152,41,144
4153,144,70
4154,70,187
4155,187,92
4156,92,7
4157,7,113
4158,113,68
4159,68,12
4160,12,79
4161,79,17
4162,17,68
4163,68,85
4164,85,194
4165,194,197
4166,197,84
4167,84,11
4168,11,115
4169,115,55
4170,55,140
4171,140,100
4172,100,130
4173,130,185
4174,185,123
4175,123,60
4176,60,144
4177,144,35
4178,35,70
4179,70,136
4180,136,99
4181,99,155
4182,155,189
4183,189,56
4184,56,157
4185,157,75
4186,75,138
4187,138,183
4188,183,164
4189,164,180
4190,180,133
4191,133,81
4192,81,3
4193,3,154
4194,154,48
4195,48,176
4196,176,37
4197,37,183
4198,183,97
4199,97,157
4200,157,41
4201,41,118
4202,118,67
4203,67,116
4204,116,0
4205,0,121
4206,121,73
4207,73,140
4208,140,19
4209,19,68
4210,68,5
4211,5,153
4212,153,168
4213,168,28
4214,28,82
4215,82,198
4216,198,30
4217,30,54
4218,54,156
4219,156,40
4220,40,153
4221,153,50
4222,50,132
4223,132,86
4224,86,186
4225,186,122
4226,122,163
4227,163,51
4228,51,3
4229,3,18
4230,18,57
4231,57,114
4232,114,71
4233,71,190
4234,190,86
4235,86,1
4236,1,146
4237,146,43
4238,43,153
4239,153,24
4240,24,171
4241,171,106
4242,106,170
4243,170,98
4244,98,11
4245,11,80
4246,80,24
4247,24,160
4248,160,39
4249,39,101
4250,101,129
4251,129,48
4252,48,115
4253,115,2
4254,2,104
4255,104,184
4256,184,36
4257,36,17
4258,17,145
4259,145,60
4260,60,112
4261,112,14
4262,14,82
4263,82,60
4264,60,151
4265,151,173
4266,173,116
4267,116,4
4268,4,161
4269,161,40
4270,40,142
4271,142,38
4272,38,176
4273,176,32
4274,32,165
4275,165,18
4276,18,177
4277,177,91
4278,91,55
4279,55,84
4280,84,135
4281,135,196
4282,196,118
4283,118,135
4284,135,61
4285,61,133
4286,133,47
4287,47,151
4288,151,122
4289,122,188
4290,188,138
4291,138,198
4292,198,89
4293,89,104
4294,104,14
4295,14,56
4296,56,76
4297,76,198
4298,198,70
4299,70,146
4300,146,67
4301,67,26
4302,26,162
4303,162,62
4304,62,107
4305,107,7
4306,7,45
4307,45,152
4308,152,110
4309,110,61
4310,61,139
4311,139,59
4312,59,11
4313,11,172
4314,172,153
4315,153,8
4316,8,90
4317,90,191
4318,191,82
4319,82,128
4320,128,0
4321,0,125
4322,125,165
4323,165,34
4324,34,162
4325,162,195
4326,195,61
4327,61,127
4328,127,1
4329,1,89
4330,89,9
4331,9,29
4332,29,154
4333,154,50
4334,50,122
4335,122,30
4336,30,74
4337,74,142
4338,142,57
4339,57,110
4340,110,174
4341,174,115
4342,115,15
4343,15,89
4344,89,64
4345,64,21
4346,21,177
4347,177,26
4348,26,134
4349,134,34
4350,34,169
4351,169,184
4352,184,96
4353,96,111
4354,111,47
4355,47,134
4356,134,62
4357,62,147
4358,147,35
4359,35,137
4360,137,11
4361,11,118
4362,118,184
4363,184,57
4364,57,4
4365,4,157
4366,157,44
4367,44,136
4368,136,75
4369,75,128
4370,128,190
4371,190,138
4372,138,12
4373,12,39
4374,39,59
4375,59,93
4376,93,194
4377,194,92
4378,92,193
4379,193,127
4380,127,40
4381,40,131
4382,131,64
4383,64,173
4384,173,142
4385,142,157
4386,157,54
4387,54,23
4388,23,86
4389,86,65
4390,65,27
4391,27,161
4392,161,16
4393,16,149
4394,149,58
4395,58,115
4396,115,6
4397,6,86
4398,86,150
4399,150,33
4400,33,148
4401,148,103
4402,103,181
4403,181,105
4404,105,48
4405,48,63
4406,63,93
4407,93,42
4408,42,103
4409,103,188
4410,188,163
4411,163,1
4412,1,118
4413,118,77
4414,77,140
4415,140,14
4416,14,91
4417,91,195
4418,195,96
4419,96,179
4420,179,140
4421,140,59
4422,59,135
4423,135,176
4424,176,122
4425,122,102
4426,102,10
4427,10,96
4428,96,175
4429,175,99
4430,99,133
4431,133,167
4432,167,85
4433,85,41
4434,41,152
4435,152,7
4436,7,109
4437,109,5
4438,5,113
4439,113,47
4440,47,136
4441,136,181
4442,181,81
4443,81,10
4444,10,54
4445,54,198
4446,198,120
4447,120,79
4448,79,46
4449,46,19
4450,19,154
4451,154,97
4452,97,112
4453,112,26
4454,26,78
4455,78,15
4456,15,137
4457,137,199
4458,199,127
4459,127,110
4460,110,20
4461,20,87
4462,87,7
4463,7,100
4464,100,117
4465,117,3
4466,3,177
4467,177,79
4468,79,23
4469,23,113
4470,113,17
4471,17,88
4472,88,197
4473,197,93
4474,93,7
4475,7,90
4476,90,197
4477,197,128
4478,128,28
4479,28,158
4480,158,29
4481,29,44
4482,44,83
4483,83,139
4484,139,194
4485,194,77
4486,77,21
4487,21,36
4488,36,164
4489,164,186
4490,186,103
4491,103,6
4492,6,98
4493,98,137
4494,137,38
4495,38,80
4496,80,19
4497,19,54
4498,54,119
4499,119,2
4500,2,170
4501,170,145
4502,145,37
4503,37,144
4504,144,176
4505,176,94
4506,94,188
4507,188,198
4508,198,146
4509,146,196
4510,196,95
4511,95,150
4512,150,22
4513,22,88
4514,88,9
4515,9,64
4516,64,134
4517,134,68
4518,68,142
4519,142,189
4520,189,73
4521,73,9
4522,9,101
4523,101,170
4524,170,122
4525,122,44
4526,44,60
4527,60,153
4528,153,32
4529,32,156
4530,156,24
4531,24,86
4532,86,22
4533,22,158
4534,158,57
4535,57,75
4536,75,40
4537,40,126
4538,126,73
4539,73,130
4540,130,81
4541,81,2
4542,2,117
4543,117,44
4544,44,163
4545,163,117
4546,117,62
4547,62,18
4548,18,91
4549,91,11
4550,11,26
4551,26,149
4552,149,60
4553,60,136
4554,136,67
4555,67,125
4556,125,15
4557,15,166
4558,166,3
4559,3,78
4560,78,29
4561,29,170
4562,170,48
4563,48,2
4564,2,54
4565,54,179
4566,179,128
4567,128,4
4568,4,142
4569,142,27
4570,27,185
4571,185,1
4572,1,123
4573,123,192
4574,192,94
4575,94,9
4576,9,109
4577,109,147
4578,147,162
4579,162,5
4580,5,112
4581,112,136
4582,136,52
4583,52,139
4584,139,38
4585,38,64
4586,64,148
4587,148,61
4588,61,27
4589,27,76
4590,76,52
4591,52,141
4592,141,6
4593,6,91
4594,91,189
4595,189,197
4596,197,133
4597,133,50
4598,50,161
4599,161,12
4600,12,89
4601,89,21
4602,21,157
4603,157,59
4604,59,128
4605,128,66
4606,66,7
4607,7,111
4608,111,13
4609,13,159
4610,159,55
4611,55,127
4612,127,102
4613,102,146
4614,146,172
4615,172,107
4616,107,175
4617,175,131
4618,131,53
4619,53,157
4620,157,85
4621,85,34
4622,34,93
4623,93,190
4624,190,134
4625,134,183
4626,183,142
4627,142,185
4628,185,101
4629,101,17
4630,17,72
4631,72,33
4632,33,86
4633,86,9
4634,9,111
4635,111,66
4636,66,81
4637,81,16
4638,16,97
4639,97,174
4640,174,52
4641,52,8
4642,8,108
4643,108,90
4644,90,122
4645,122,174
4646,174,139
4647,139,197
4648,197,168
4649,168,0
4650,0,174
4651,174,39
4652,39,130
4653,130,193
4654,193,132
4655,132,75
4656,75,16
4657,16,116
4658,116,39
4659,39,111
4660,111,11
4661,11,124
4662,124,17
4663,17,92
4664,92,9
4665,9,100
4666,100,186
4667,186,152
4668,152,49
4669,49,155
4670,155,193
4671,193,71
4672,71,130
4673,130,11
4674,11,69
4675,69,84
4676,84,25
4677,25,68
4678,68,147
4679,147,76
4680,76,30
4681,30,130
4682,130,197
4683,197,120
4684,120,194
4685,194,121
4686,121,51
4687,51,13
4688,13,83
4689,83,39
4690,39,165
4691,165,185
4692,185,139
4693,139,156
4694,156,30
4695,30,151
4696,151,63
4697,63,106
4698,106,5
4699,5,114
4700,114,64
4701,64,130
4702,130,184
4703,184,103
4704,103,182
4705,182,104
4706,104,178
4707,178,33
4708,33,189
4709,189,85
4710,85,10
4711,10,37
4712,37,138
4713,138,78
4714,78,146
4715,146,32
4716,32,163
4717,163,105
4718,105,37
4719,37,187
4720,187,188
4721,188,125
4722,125,1
4723,1,120
4724,120,184
4725,184,98
4726,98,9
4727,9,51
4728,51,26
4729,26,104
4730,104,141
4731,141,73
4732,73,137
4733,137,36
4734,36,148
4735,148,192
4736,192,134
4737,134,56
4738,56,8
4739,8,119
4740,119,35
4741,35,140
4742,140,8
4743,8,99
4744,99,82
4745,82,10
4746,10,142
4747,142,181
4748,181,47
4749,47,153
4750,153,108
4751,108,41
4752,41,69
4753,69,127
4754,127,172
4755,172,50
4756,50,128
4757,128,56
4758,56,118
4759,118,3
4760,3,164
4761,164,93
4762,93,187
4763,187,87
4764,87,29
4765,29,165
4766,165,1
4767,1,142
4768,142,39
4769,39,90
4770,90,21
4771,21,84
4772,84,42
4773,42,57
4774,57,154
4775,154,51
4776,51,88
4777,88,103
4778,103,2
4779,2,90
4780,90,190
4781,190,141
4782,141,108
4783,108,5
4784,5,69
4785,69,112
4786,112,40
4787,40,143
4788,143,62
4789,62,118
4790,118,7
4791,7,151
4792,151,75
4793,75,22
4794,22,79
4795,79,136
4796,136,8
4797,8,102
4798,102,13
4799,13,107
4800,107,169
4801,169,142
4802,142,115
4803,115,32
4804,32,73
4805,73,23
4806,23,180
4807,180,105
4808,105,173
4809,173,129
4810,129,41
4811,41,133
4812,133,87
4813,87,66
4814,66,42
4815,42,89
4816,89,18
4817,18,151
4818,151,199
4819,199,92
4820,92,196
4821,196,156
4822,156,84
4823,84,10
4824,10,92
4825,92,12
4826,12,33
4827,33,149
4828,149,164
4829,164,47
4830,47,62
4831,62,78
4832,78,129
4833,129,47
4834,47,116
4835,116,135
4836,135,4
4837,4,118
4838,118,181
4839,181,104
4840,104,175
4841,175,93
4842,93,189
4843,189,146
4844,146,91
4845,91,198
4846,198,52
4847,52,163
4848,163,49
4849,49,14
4850,14,89
4851,89,27
4852,27,80
4853,80,132
4854,132,168
4855,168,14
4856,14,97
4857,97,185
4858,185,161
4859,161,6
4860,6,157
4861,157,180
4862,180,120
4863,120,4
4864,4,107
4865,107,43
4866,43,164
4867,164,29
4868,29,148
4869,148,32
4870,32,135
4871,135,19
4872,19,100
4873,100,15
4874,15,64
4875,64,138
4876,138,2
4877,2,162
4878,162,58
4879,58,145
4880,145,38
4881,38,71
4882,71,34
4883,34,160
4884,160,19
4885,19,171
4886,171,1
4887,1,145
4888,145,66
4889,66,14
4890,14,71
4891,71,90
4892,90,105
4893,105,9
4894,9,103
4895,103,185
4896,185,76
4897,76,14
4898,14,177
4899,177,95
4900,95,187
4901,187,91
4902,91,16
4903,16,157
4904,157,124
4905,124,2
4906,2,130
4907,130,53
4908,53,156
4909,156,57
4910,57,140
4911,140,37
4912,37,130
4913,130,60
4914,60,126
4915,126,64
4916,64,147
4917,147,178
4918,178,98
4919,98,21
4920,21,139
4921,139,34
4922,34,91
4923,91,24
4924,24,154
4925,154,82
4926,82,45
4927,45,62
4928,62,153
4929,153,28
4930,28,86
4931,86,54
4932,54,197
4933,197,79
4934,79,124
4935,124,72
4936,72,168
4937,168,108
4938,108,181
4939,181,99
4940,99,13
4941,13,113
4942,113,6
4943,6,111
4944,111,126
4945,126,178
4946,178,136
4947,136,37
4948,37,85
4949,85,30
4950,30,149
4951,149,106
4952,106,127
4953,127,53
4954,53,180
4955,180,127
4956,127,30
4957,30,163
4958,163,101
4959,101,11
4960,11,83
4961,83,59
4962,59,173
4963,173,46
4964,46,124
4965,124,179
4966,179,121
4967,121,39
4968,39,147
4969,147,32
4970,32,130
4971,130,192
4972,192,93
4973,93,70
4974,70,117
4975,117,158
4976,158,16
4977,16,102
4978,102,43
4979,43,105
4980,105,132
4981,132,5
4982,5,72
4983,72,40
4984,40,150
4985,150,1
4986,1,68
4987,68,135
4988,135,49
4989,49,110
4990,110,65
4991,65,107
4992,107,11
4993,11,169
4994,169,192
4995,192,90
4996,90,23
4997,23,38
4998,38,133
4999,133,198
